date,tvl_usd
2020-12-17,149.07848
2020-12-18,217.78555
2020-12-19,211.2384
2020-12-20,210.53813
2020-12-21,2248086.81045
2020-12-22,31169389.56508
2020-12-23,27984317.40984
2020-12-24,25741934.00731
2020-12-25,24894977.53448
2020-12-26,25127498.49352
2020-12-27,25013045.4475
2020-12-28,26484440.90839
2020-12-29,30179231.01818
2020-12-30,32590329.5977
2020-12-31,53888646.15727
2021-01-01,55413843.48946
2021-01-02,67996797.94825
2021-01-03,73794195.37449
2021-01-04,74157591.28683
2021-01-05,72166022.50207
2021-01-06,72091810.74502
2021-01-07,71901233.96362
2021-01-08,70630157.83324
2021-01-09,71958258.61436
2021-01-10,71831371.21378
2021-01-11,79011055.16003
2021-01-12,79054922.25805
2021-01-13,82867393.9093
2021-01-14,85254287.31783
2021-01-15,88485715.93018
2021-01-16,91740624.23029
2021-01-17,99126814.02571
2021-01-18,103716355.8572
2021-01-19,108052209.12809
2021-01-20,111371707.09181
2021-01-21,109876427.97481
2021-01-22,104254457.45811
2021-01-23,100449188.40477
2021-01-24,87626680.6779
2021-01-25,89327132.06993
2021-01-26,90061586.59269
2021-01-27,84243771.84352
2021-01-28,75769043.00367
2021-01-29,73805483.80609
2021-01-30,73092386.49723
2021-01-31,72471557.58779
2021-02-01,73056676.803
2021-02-02,71934833.15364
2021-02-03,71404365.05938
2021-02-04,71141330.39575
2021-02-05,69538029.24841
2021-02-06,68868544.12497
2021-02-07,68061300.9295
2021-02-08,68128883.53679
2021-02-09,67899751.44795
2021-02-10,69142518.72254
2021-02-11,70182556.37718
2021-02-12,69932420.42535
2021-02-13,70137014.19975
2021-02-14,70193591.95216
2021-02-15,70913320.28689
2021-02-16,71285194.1503
2021-02-17,72388542.46408
2021-02-18,71539374.67826
2021-02-19,79206215.11133
2021-02-20,80359809.35299
2021-02-21,81712952.0927
2021-02-22,80531803.76057
2021-02-23,78190934.01793
2021-02-24,73089309.1911
2021-02-25,72183744.03867
2021-02-26,71519741.277
2021-02-27,70913049.70486
2021-02-28,71536962.90404
2021-03-01,72321416.66745
2021-03-02,73799238.54807
2021-03-03,74263357.74652
2021-03-04,74897684.76817
2021-03-05,75194494.43292
2021-03-06,75162220.01467
2021-03-07,75224403.96503
2021-03-08,75718093.31448
2021-03-09,76158081.68199
2021-03-10,78002758.69925
2021-03-11,78989675.41092
2021-03-12,80541162.32006
2021-03-13,83795368.25711
2021-03-14,90634510.91288
2021-03-15,95442097.73542
2021-03-16,96532939.43533
2021-03-17,97690282.03448
2021-03-18,96504636.40329
2021-03-19,96841649.29113
2021-03-20,96742121.54693
2021-03-21,97271884.43962
2021-03-22,96657990.79792
2021-03-23,94038040.96539
2021-03-24,94393271.69032
2021-03-25,94084420.799
2021-03-26,91654882.06675
2021-03-27,91669284.69648
2021-03-28,91631706.83823
2021-03-29,92497452.58574
2021-03-30,90103253.36968
2021-03-31,92238851.4983
2021-04-01,93555660.63508
2021-04-02,93014453.70933
2021-04-03,92740029.42803
2021-04-04,91285207.71629
2021-04-05,91284303.12369
2021-04-06,91361491.9558
2021-04-07,91005342.64685
2021-04-08,90917258.16643
2021-04-09,91155945.08438
2021-04-10,90960382.79662
2021-04-11,92021221.40647
2021-04-12,91867384.86117
2021-04-13,91961094.88911
2021-04-14,91754026.05594
2021-04-15,92010923.46091
2021-04-16,92504827.27077
2021-04-17,92365536.09204
2021-04-18,92636551.69108
2021-04-19,88916821.77805
2021-04-20,89491646.68064
2021-04-21,88393951.39901
2021-04-22,89473967.07162
2021-04-23,90940427.76816
2021-04-24,87364846.23803
2021-04-25,87044954.72972
2021-04-26,87225494.44218
2021-04-27,87300937.18579
2021-04-28,87799671.19737
2021-04-29,88990421.83761
2021-04-30,89525803.22494
2021-05-01,90555455.15538
2021-05-02,91883157.99844
2021-05-03,90167204.42083
2021-05-04,94306786.05475
2021-05-05,94295577.72704
2021-05-06,93715589.60537
2021-05-07,95286571.88215
2021-05-08,95303330.9358
2021-05-09,96054675.64659
2021-05-10,97159353.76623
2021-05-11,114741826.18173
2021-05-12,117763976.97305
2021-05-13,118905184.26749
2021-05-14,117197853.97235
2021-05-15,112969005.54119
2021-05-16,112684540.74742
2021-05-17,109864082.75306
2021-05-18,107176579.24444
2021-05-19,106759404.50704
2021-05-20,105075416.95161
2021-05-21,104017552.6326
2021-05-22,101695991.81133
2021-05-23,100921471.67068
2021-05-24,94918479.96039
2021-05-25,94754907.4277
2021-05-26,94759866.15377
2021-05-27,95232988.67264
2021-05-28,95689596.05413
2021-05-29,95418533.51415
2021-05-30,96365851.97689
2021-05-31,98678896.92021
2021-06-01,99385158.05278
2021-06-02,101083732.21046
2021-06-03,102283332.6025
2021-06-04,102367572.11052
2021-06-05,102152269.53635
2021-06-06,102394104.74383
2021-06-07,102483676.87926
2021-06-08,102501033.88295
2021-06-09,99078891.68637
2021-06-10,100033979.32208
2021-06-11,99002436.79402
2021-06-12,99078300.71036
2021-06-13,98868201.76562
2021-06-14,99072608.36245
2021-06-15,99436443.38965
2021-06-16,99168551.97529
2021-06-17,99243426.5802
2021-06-18,99492677.0604
2021-06-19,99746597.60588
2021-06-20,99786405.80976
2021-06-21,99155897.21328
2021-06-22,108472189.24202
2021-06-23,97804939.56857
2021-06-24,90332942.74277
2021-06-25,91606186.65464
2021-06-26,92391862.56973
2021-06-27,95171350.66615
2021-06-28,96761211.17842
2021-06-29,109749721.54985
2021-06-30,126131307.40568
2021-07-01,127173840.69597
2021-07-02,135540867.4025
2021-07-03,140709952.09292
2021-07-04,152953086.15519
2021-07-05,153609088.28384
2021-07-06,153370147.4178
2021-07-07,158016125.23279
2021-07-08,158075753.6923
2021-07-09,163579787.58946
2021-07-10,168892824.50577
2021-07-11,169132320.36377
2021-07-12,168560966.4987
2021-07-13,169135293.8254
2021-07-14,169142028.9729
2021-07-15,168710189.12205
2021-07-16,171459978.20776
2021-07-17,170234786.11382
2021-07-18,173891045.97114
2021-07-19,174463802.03453
2021-07-20,173725053.96949
2021-07-21,178070903.56648
2021-07-22,179378730.45831
2021-07-23,178998917.31903
2021-07-24,178541576.73569
2021-07-25,179225504.67486
2021-07-26,179784284.21919
2021-07-27,178409407.25431
2021-07-28,179814130.41421
2021-07-29,180067416.08043
2021-07-30,179148395.09727
2021-07-31,180588710.21519
2021-08-01,179367091.51243
2021-08-02,179260229.67711
2021-08-03,179213490.22667
2021-08-04,179220277.84166
2021-08-05,179425315.64429
2021-08-06,166064575.30039
2021-08-07,166381766.49027
2021-08-08,166836390.75828
2021-08-09,166700943.92401
2021-08-10,166770618.1748
2021-08-11,166774296.09667
2021-08-12,166957185.91648
2021-08-13,167401624.14823
2021-08-14,167407173.85359
2021-08-15,163703366.95494
2021-08-16,171343613.8213
2021-08-17,176535402.61542
2021-08-18,175291959.49101
2021-08-19,175616647.48187
2021-08-20,176404138.50923
2021-08-21,176852203.09044
2021-08-22,187561844.8618
2021-08-23,185966155.04186
2021-08-24,191205288.35149
2021-08-25,191220333.41812
2021-08-26,191375834.32692
2021-08-27,191838990.6934
2021-08-28,192109348.6023
2021-08-29,192458830.42472
2021-08-30,192140867.12556
2021-08-31,191086438.75111
2021-09-01,191318266.53681
2021-09-02,192655001.1082
2021-09-03,192265512.36126
2021-09-04,192759302.44711
2021-09-05,192632698.55753
2021-09-06,192305005.50181
2021-09-07,192864288.86713
2021-09-08,193116464.44929
2021-09-09,193126357.58654
2021-09-10,193090790.98715
2021-09-11,192972905.00706
2021-09-12,193087231.12984
2021-09-13,193177176.99496
2021-09-14,196704516.63922
2021-09-15,197299471.1991
2021-09-16,201939253.1936
2021-09-17,206169673.7702
2021-09-18,207886083.56365
2021-09-19,206972401.35061
2021-09-20,206964449.54963
2021-09-21,206049844.77514
2021-09-22,209054424.16405
2021-09-23,206979108.20442
2021-09-24,206969253.40958
2021-09-25,206978392.7827
2021-09-26,206651496.96178
2021-09-27,206659140.96263
2021-09-28,205967755.97107
2021-09-29,217130600.52238
2021-09-30,214985932.15026
2021-10-01,215014631.68786
2021-10-02,214338970.68031
2021-10-03,216322940.12462
2021-10-04,216327354.1231
2021-10-05,216309328.42008
2021-10-06,216311725.06751
2021-10-07,225336757.71944
2021-10-08,233989455.18143
2021-10-09,242301685.88367
2021-10-10,242189758.89564
2021-10-11,241862192.65085
2021-10-12,241250969.79675
2021-10-13,251451172.46618
2021-10-14,251352686.92532
2021-10-15,251203508.07717
2021-10-16,251180158.46854
2021-10-17,267596084.58435
2021-10-18,267463973.45624
2021-10-19,267331019.15839
2021-10-20,275628722.57248
2021-10-21,278253102.19938
2021-10-22,278682782.88103
2021-10-23,278828333.32734
2021-10-24,290391402.75436
2021-10-25,290385201.39176
2021-10-26,304954011.13001
2021-10-27,317344553.43796
2021-10-28,332981013.1286
2021-10-29,345593209.80517
2021-10-30,378029195.68887
2021-10-31,390458518.44474
2021-11-01,390012338.18248
2021-11-02,404011478.83574
2021-11-03,403986646.00563
2021-11-04,424719631.41015
2021-11-05,433025834.82734
2021-11-06,433023170.76921
2021-11-07,454331227.98983
2021-11-08,459291348.72635
2021-11-09,496709781.2668
2021-11-10,546639469.63308
2021-11-11,579876905.55631
2021-11-12,579752892.66576
2021-11-13,605606471.97309
2021-11-14,669926326.23307
2021-11-15,693507823.04893
2021-11-16,703314648.64037
2021-11-17,720068394.67777
2021-11-18,727161667.22109
2021-11-19,745820247.00672
2021-11-20,784263784.79028
2021-11-21,805411768.75569
2021-11-22,814189459.62739
2021-11-23,829955075.17795
2021-11-24,830917712.64173
2021-11-25,843449589.6155
2021-11-26,842764677.42697
2021-11-27,842063166.53054
2021-11-28,848867630.04232
2021-11-29,869906143.26823
2021-11-30,885151908.91477
2021-12-01,909579474.9626
2021-12-02,909607346.04656
2021-12-03,933646442.76236
2021-12-04,933002913.95458
2021-12-05,932885827.63019
2021-12-06,934654487.11205
2021-12-07,936876929.66586
2021-12-08,982619201.72341
2021-12-09,1019145764.80119
2021-12-10,1062271419.98773
2021-12-11,1061215590.89585
2021-12-12,1058823780.83186
2021-12-13,1088043078.88478
2021-12-14,1105502316.13965
2021-12-15,1109724184.61501
2021-12-16,1108527996.7604
2021-12-17,1110089523.4766
2021-12-18,1109946240.3738
2021-12-19,1126994395.06728
2021-12-20,1124961621.66409
2021-12-21,1126954670.93696
2021-12-22,1126984421.31811
2021-12-23,1143791671.7278
2021-12-24,1202607393.95745
2021-12-25,1219551122.30637
2021-12-26,1219508548.6412
2021-12-27,1218651025.53687
2021-12-28,1219367080.14051
2021-12-29,1248821910.78849
2021-12-30,1306151923.91845
2021-12-31,1340958687.56818
2022-01-01,1380101655.89314
2022-01-02,1396865480.33793
2022-01-03,1417815210.58724
2022-01-04,1453838805.19284
2022-01-05,1488397391.02627
2022-01-06,1489059472.67863
2022-01-07,1488990185.68365
2022-01-08,1503827980.56044
2022-01-09,1488843693.58319
2022-01-10,1486266047.6491
2022-01-11,1554919363.56228
2022-01-12,1630956092.06011
2022-01-13,1632090094.41583
2022-01-14,1640466940.31371
2022-01-15,1657237766.0214
2022-01-16,1694989251.97393
2022-01-17,1695495381.75006
2022-01-18,1746868792.41055
2022-01-19,1758855710.32359
2022-01-20,1906072652.83408
2022-01-21,2108060914.5901
2022-01-22,2097776257.01767
2022-01-23,2202757892.56619
2022-01-24,2284992066.41511
2022-01-25,2234504102.52918
2022-01-26,2171560663.43664
2022-01-27,2219042030.78272
2022-01-28,2172385611.58532
2022-01-29,2228621968.92493
2022-01-30,2227770648.87056
2022-01-31,2231620548.36458
2022-02-01,2222834217.36627
2022-02-02,2224044031.49029
2022-02-03,2223231727.98673
2022-02-04,2221477038.08482
2022-02-05,2243342863.8875
2022-02-06,2233590332.9168
2022-02-07,2229684342.6898
2022-02-08,2228618562.82834
2022-02-09,2219861489.6665
2022-02-10,2217637105.06343
2022-02-11,2217170374.80538
2022-02-12,2272384274.36686
2022-02-13,2274874709.96362
2022-02-14,2277047169.72402
2022-02-15,2274815624.06317
2022-02-16,2274403723.55638
2022-02-17,2272330435.07229
2022-02-18,2271093609.91699
2022-02-19,2272012927.21444
2022-02-20,2273941342.5499
2022-02-21,2268031724.57108
2022-02-22,2272822088.07636
2022-02-23,2267469503.73722
2022-02-24,2267869124.9442
2022-02-25,2288513988.06407
2022-02-26,2403736310.65941
2022-02-27,2404583396.03742
2022-02-28,2450372013.21943
2022-03-01,2444183428.00399
2022-03-02,2447265520.84936
2022-03-03,2483237881.69204
2022-03-04,2469732477.48553
2022-03-05,2468715082.86953
2022-03-06,2469008252.43286
2022-03-07,2464731798.14365
2022-03-08,2465462908.06893
2022-03-09,2468483223.24894
2022-03-10,2469794281.95707
2022-03-11,2467236216.79017
2022-03-12,2471926222.92788
2022-03-13,2470388562.15168
2022-03-14,2468978525.73982
2022-03-15,2473559637.61538
2022-03-16,2430468360.33457
2022-03-17,2468637519.71501
2022-03-18,2467418630.54043
2022-03-19,2353423174.9454
2022-03-20,2358112419.88997
2022-03-21,2347822030.0869
2022-03-22,2296824681.19168
2022-03-23,2342833410.24151
2022-03-24,2340799696.92633
2022-03-25,2337213432.57364
2022-03-26,2335721067.85273
2022-03-27,2334626560.40485
2022-03-28,2282554400.85594
2022-03-29,2289078270.93825
2022-03-30,2292427675.27339
2022-03-31,2304164807.24413
2022-04-01,2293086853.63496
2022-04-02,2306101265.25401
2022-04-03,2300857350.87771
2022-04-04,2301003336.87498
2022-04-05,2385224579.96076
2022-04-06,2385894826.1083
2022-04-07,2212845565.81361
2022-04-08,2312887680.55796
2022-04-09,2322114948.48548
2022-04-10,2318868345.19117
2022-04-11,2313719100.64191
2022-04-12,2316527730.96514
2022-04-13,2315208840.50694
2022-04-14,2319090929.06303
2022-04-15,2322836604.84243
2022-04-16,2323606802.06222
2022-04-17,2321394006.18156
2022-04-18,2327415939.45719
2022-04-19,2327082701.95131
2022-04-20,2334040315.6516
2022-04-21,2337178274.24004
2022-04-22,2339509723.13953
2022-04-23,2340541154.35787
2022-04-24,2343107265.16815
2022-04-25,2340243908.92333
2022-04-26,2338128601.41346
2022-04-27,2334231332.17858
2022-04-28,2333680386.94065
2022-04-29,2337227272.84783
2022-04-30,2337017615.78457
2022-05-01,2316150598.22558
2022-05-02,2317091638.34821
2022-05-03,2316711672.34113
2022-05-04,2319671987.3004
2022-05-05,2321191717.131
2022-05-06,2318545128.52751
2022-05-07,2314175762.17576
2022-05-08,2313541475.69026
2022-05-09,2315366835.50248
2022-05-10,2311419342.29678
2022-05-11,2253772387.44412
2022-05-12,1731767797.05143
2022-05-13,1468076602.36878
2022-05-14,1302733548.53392
2022-05-15,1325285211.77716
2022-05-16,1305135564.13208
2022-05-17,1304819458.95044
2022-05-18,1298684081.53119
2022-05-19,1286650512.39563
2022-05-20,1253782808.12825
2022-05-21,1252812465.14863
2022-05-22,1260015374.52543
2022-05-23,1249718789.24142
2022-05-24,1249999100.28027
2022-05-25,1248771012.02244
2022-05-26,1253840551.24932
2022-05-27,1254857169.80897
2022-05-28,1254839273.58671
2022-05-29,1265718305.26756
2022-05-30,1266969694.76481
2022-05-31,1261423945.52277
2022-06-01,1261593374.22266
2022-06-02,1268608480.77994
2022-06-03,1262510595.39386
2022-06-04,1306922668.85491
2022-06-05,1307478537.98825
2022-06-06,1308911663.54057
2022-06-07,1308931318.60865
2022-06-08,1323545725.69254
2022-06-09,1321809910.78045
2022-06-10,1319951594.8913
2022-06-11,1341322087.32237
2022-06-12,1339905396.12071
2022-06-13,1343783158.80547
2022-06-14,1339690437.57834
2022-06-15,1332152219.89769
2022-06-16,1297274339.87171
2022-06-17,1290962725.20802
2022-06-18,1294514086.13484
2022-06-19,1265535562.26397
2022-06-20,1266812680.09553
2022-06-21,1268762853.1896
2022-06-22,1268670505.30443
2022-06-23,1264399851.23065
2022-06-24,1267825239.12409
2022-06-25,1271281566.96486
2022-06-26,1269534367.47335
2022-06-27,1320574404.40708
2022-06-28,1312839240.24774
2022-06-29,1312713725.04156
2022-06-30,1312786220.06675
2022-07-01,1307308488.87986
2022-07-02,1307107426.43221
2022-07-03,1305797671.67796
2022-07-04,1304540326.4135
2022-07-05,1262551487.0444
2022-07-06,1261272643.91293
2022-07-07,1261618285.73198
2022-07-08,1260340562.50266
2022-07-09,1262803228.05088
2022-07-10,1262826457.80125
2022-07-11,1262773974.70786
2022-07-12,1260885853.29539
2022-07-13,1259613809.01615
2022-07-14,1259546270.35949
2022-07-15,1261723378.17175
2022-07-16,1260879351.13728
2022-07-17,1260672074.0006
2022-07-18,1262239591.61285
2022-07-19,1266117649.78155
2022-07-20,1284292362.17578
2022-07-21,1277774058.72372
2022-07-22,1278731104.79031
2022-07-23,1263799915.17471
2022-07-24,1261308301.93087
2022-07-25,1262587239.09845
2022-07-26,1265654458.13021
2022-07-27,1263125305.76806
2022-07-28,1261534068.54689
2022-07-29,1280032638.90571
2022-07-30,1280216200.07741
2022-07-31,1277494074.18368
2022-08-01,1278038361.8743
2022-08-02,1280557765.3473
2022-08-03,1258109345.26614
2022-08-04,1201338127.63451
2022-08-05,1201318033.51275
2022-08-06,1205616774.80153
2022-08-07,1202836659.90226
2022-08-08,1200916436.71282
2022-08-09,1202797444.96686
2022-08-10,1204485144.3298
2022-08-11,1204469628.91505
2022-08-12,1210669860.74396
2022-08-13,1216098562.51667
2022-08-14,1219288059.35096
2022-08-15,1209029794.22523
2022-08-16,1209012670.41735
2022-08-17,1210771221.78353
2022-08-18,1209315190.89916
2022-08-19,1208176934.63274
2022-08-20,1209533893.60948
2022-08-21,1209565941.17065
2022-08-22,1195725641.87258
2022-08-23,1103513071.77669
2022-08-24,1102681141.38235
2022-08-25,1104112314.82351
2022-08-26,1106599549.49536
2022-08-27,1109415182.54919
2022-08-28,1349625306.04639
2022-08-29,1349879297.50071
2022-08-30,1310162287.18977
2022-08-31,1311293684.18068
2022-09-01,1306839009.6592
2022-09-02,1311230852.57722
2022-09-03,1291447300.73399
2022-09-04,1291476543.05263
2022-09-05,1291679070.11608
2022-09-06,1187036202.18587
2022-09-07,1182406918.13862
2022-09-08,1183703417.92083
2022-09-09,1183706978.07685
2022-09-10,1183952668.1622
2022-09-11,1183971482.48869
2022-09-12,1182474447.78779
2022-09-13,1182833060.3892
2022-09-14,1181540796.88004
2022-09-15,1211915978.48298
2022-09-16,1210566818.13658
2022-09-17,1211808720.50434
2022-09-18,1213183889.29271
2022-09-19,1212113899.35036
2022-09-20,1163183601.7339
2022-09-21,1131187507.42482
2022-09-22,1136410557.42828
2022-09-23,1136436629.73791
2022-09-24,1136438435.92345
2022-09-25,1135022993.77213
2022-09-26,1138758441.8359
2022-09-27,1136499809.82912
2022-09-28,1140721688.63046
2022-09-29,1142469569.69838
2022-09-30,1139088665.72217
2022-10-01,1140240583.47549
2022-10-02,1148250954.68882
2022-10-03,1147786102.62182
2022-10-04,1147863310.69318
2022-10-05,1149737738.93334
2022-10-06,1149650586.27009
2022-10-07,1150902802.16735
2022-10-08,1152417383.50789
2022-10-09,1145376878.39022
2022-10-10,1146018450.38744
2022-10-11,1151439160.8455
2022-10-12,1148993725.68979
2022-10-13,1150533942.604
2022-10-14,1151727254.02328
2022-10-15,1148349682.20533
2022-10-16,1148859594.23667
2022-10-17,1148702692.49426
2022-10-18,1152973488.07991
2022-10-19,1151472805.52851
2022-10-20,1159142923.59897
2022-10-21,1153377101.17042
2022-10-22,1156585847.0098
2022-10-23,1155431009.52573
2022-10-24,1155958701.34694
2022-10-25,1110372144.96779
2022-10-26,1109267250.15603
2022-10-27,1109446512.86995
2022-10-28,1110530573.25321
2022-10-29,1108400756.16938
2022-10-30,1109308993.53098
2022-10-31,1110065249.79374
2022-11-01,1109360914.35324
2022-11-02,1110104263.30506
2022-11-03,1110071338.05358
2022-11-04,1110042775.80061
2022-11-05,1109926340.18752
2022-11-06,1122354104.87718
2022-11-07,1125536217.72008
2022-11-08,1124416023.9018
2022-11-09,1123312892.11493
2022-11-10,1128725256.98687
2022-11-11,940264516.7866
2022-11-12,938505325.87889
2022-11-13,935474355.49277
2022-11-14,934949515.28265
2022-11-15,933692401.48716
2022-11-16,934652535.12289
2022-11-17,933759595.3269
2022-11-18,933045277.55644
2022-11-19,982350037.95262
2022-11-20,1009013124.01828
2022-11-21,1009021356.97029
2022-11-22,1035190562.86745
2022-11-23,1058553816.75871
2022-11-24,1058557453.64002
2022-11-25,1057534837.44662
2022-11-26,1056433281.24419
2022-11-27,1057633256.58862
2022-11-28,1057664358.8393
2022-11-29,1079004528.28127
2022-11-30,1084450183.78139
2022-12-01,1081807662.16951
2022-12-02,1082956974.72248
2022-12-03,1078337248.61396
2022-12-04,1078659204.62651
2022-12-05,1080975925.43195
2022-12-06,1080070197.60247
2022-12-07,1078241822.9219
2022-12-08,1084967163.57803
2022-12-09,1083131375.16677
2022-12-10,1083473548.7481
2022-12-11,1083497265.77913
2022-12-12,1083907070.0552
2022-12-13,1085826608.06806
2022-12-14,1085448572.27672
2022-12-15,1085754194.60275
2022-12-16,1082291477.97723
2022-12-17,1082317435.87403
2022-12-18,1081247684.2824
2022-12-19,1081349850.82646
2022-12-20,1081421701.6084
2022-12-21,1080542517.37199
2022-12-22,1083684976.20471
2022-12-23,1082625698.74895
2022-12-24,1081556945.27304
2022-12-25,1082643188.29471
2022-12-26,1079635410.86771
2022-12-27,1078682780.99797
2022-12-28,1075919804.1029
2022-12-29,1076644671.88172
2022-12-30,1076645498.05803
2022-12-31,1076643956.73231
2023-01-01,1077732168.2028
2023-01-02,1076545616.49895
2023-01-03,1073472206.38011
2023-01-04,1073454041.50722
2023-01-05,1074508207.35402
2023-01-06,1074335427.7355
2023-01-07,1073263479.17404
2023-01-08,1074349027.90956
2023-01-09,1073276775.74328
2023-01-10,1074493906.97644
2023-01-11,1072175166.81929
2023-01-12,1082012142.73097
2023-01-13,1074511582.54869
2023-01-14,1075606097.31276
2023-01-15,1075616040.7545
2023-01-16,1078103723.18021
2023-01-17,1073873173.41473
2023-01-18,1073437323.72666
2023-01-19,1073713198.57156
2023-01-20,1073697553.48415
2023-01-21,223982290.69002
2023-01-22,221608333.90059
2023-01-23,221922526.61999
2023-01-24,222510118.36627
2023-01-25,222019423.06536
2023-01-26,220635188.04283
2023-01-27,222294466.56935
2023-01-28,222718395.01007
2023-01-29,221411341.6644
2023-01-30,221904449.17432
2023-01-31,219153492.02435
2023-02-01,219105584.20022
2023-02-02,220700812.00537
2023-02-03,220681859.00035
2023-02-04,221873355.35712
2023-02-05,220809713.29725
2023-02-06,219298097.98695
2023-02-07,219876179.37287
2023-02-08,221630550.48718
2023-02-09,221415894.25193
2023-02-10,219184803.60193
2023-02-11,219888837.06267
2023-02-12,221371217.6842
2023-02-13,219256374.59162
2023-02-14,218291645.72557
2023-02-15,219448421.9868
2023-02-16,221005494.54533
2023-02-17,221365254.61135
2023-02-18,227951787.01917
2023-02-19,228141825.39648
2023-02-20,227256538.33717
2023-02-21,222111217.41804
2023-02-22,221108766.68787
2023-02-23,220212631.73342
2023-02-24,248117738.41178
2023-02-25,219271618.27491
2023-02-26,220526143.2717
2023-02-27,220507433.72366
2023-02-28,218947943.59293
2023-03-01,218124492.94866
2023-03-02,221131669.3588
2023-03-03,223181850.9507
2023-03-04,222378397.27606
2023-03-05,223032164.01284
2023-03-06,222916946.88121
2023-03-07,223639186.22228
2023-03-08,260822831.17092
2023-03-09,221802779.04859
2023-03-10,221307641.72694
2023-03-11,194135743.30894
2023-03-12,146358088.06988
2023-03-13,143565304.15377
2023-03-14,153155414.46517
2023-03-15,156518135.93502
2023-03-16,160335105.09936
2023-03-17,161388552.24263
2023-03-18,169063754.65561
2023-03-19,168963323.59504
2023-03-20,168494610.39618
2023-03-21,167622948.17619
2023-03-22,167409733.2401
2023-03-23,165499908.38306
2023-03-24,164771425.13506
2023-03-25,163968527.6982
2023-03-26,163625625.56148
2023-03-27,162944864.46033
2023-03-28,163471983.00227
2023-03-29,164732651.34904
2023-03-30,167946397.46254
2023-03-31,168133651.435
2023-04-01,167307096.3428
2023-04-02,168400942.82696
2023-04-03,167797066.35704
2023-04-04,167256150.71886
2023-04-05,167260058.2264
2023-04-06,166878082.56981
2023-04-07,166824039.17106
2023-04-08,167625696.48825
2023-04-09,169302703.98907
2023-04-10,169660711.58339
2023-04-11,169860054.78272
2023-04-12,168310591.91734
2023-04-13,168167417.39743
2023-04-14,168722375.27519
2023-04-15,168839951.03774
2023-04-16,171526703.50236
2023-04-17,171854820.4677
2023-04-18,169053852.37765
2023-04-19,169625688.11525
2023-04-20,168113524.54957
2023-04-21,140163545.94718
2023-04-22,139043083.5288
2023-04-23,138814930.63291
2023-04-24,138905988.68596
2023-04-25,138655691.1706
2023-04-26,140140246.2788
2023-04-27,137885712.04379
2023-04-28,138237150.84707
2023-04-29,137918625.88305
2023-04-30,138453497.2182
2023-05-01,138648620.87383
2023-05-02,138002931.02162
2023-05-03,137809112.75076
2023-05-04,138835472.82928
2023-05-05,136662048.20991
2023-05-06,137092107.63566
2023-05-07,136906581.5098
2023-05-08,136766586.47522
2023-05-09,136150490.99943
2023-05-10,135244825.08777
2023-05-11,132508509.33577
2023-05-12,131960967.51445
2023-05-13,130392041.3593
2023-05-14,129922544.85198
2023-05-15,129478032.69894
2023-05-16,129886797.86801
2023-05-17,129744846.47217
2023-05-18,129124962.19171
2023-05-19,128856312.42987
2023-05-20,127995430.98505
2023-05-21,127908294.83037
2023-05-22,125690651.1501
2023-05-23,125475599.07787
2023-05-24,127606455.30932
2023-05-25,127332539.46109
2023-05-26,127313568.11773
2023-05-27,127998740.65207
2023-05-28,128502513.55798
2023-05-29,128573344.09144
2023-05-30,128001661.69355
2023-05-31,127485265.15328
2023-06-01,126861718.37873
2023-06-02,127464450.81529
2023-06-03,126611765.60051
2023-06-04,126359306.7672
2023-06-05,125999061.75978
2023-06-06,127835330.94149
2023-06-07,128083320.90901
2023-06-08,127990213.73463
2023-06-09,173783941.52031
2023-06-10,172477134.63619
2023-06-11,182361088.0571
2023-06-12,179957288.4775
2023-06-13,172394783.69671
2023-06-14,174058552.44535
2023-06-15,180972937.57903
2023-06-16,172639342.64009
2023-06-17,176845132.5952
2023-06-18,176233412.5351
2023-06-19,176415195.59894
2023-06-20,180316054.69374
2023-06-21,185087282.30335
2023-06-22,183735930.88694
2023-06-23,182965853.72125
2023-06-24,185500211.48414
2023-06-25,183432961.49084
2023-06-26,186996253.76548
2023-06-27,187595797.06679
2023-06-28,188056012.9742
2023-06-29,187176676.74352
2023-06-30,183640736.93113
2023-07-01,181316483.55853
2023-07-02,180800750.51902
2023-07-03,181061146.70249
2023-07-04,182166070.29959
2023-07-05,185698360.39243
2023-07-06,185589478.31958
2023-07-07,184620765.08494
2023-07-08,183797645.35787
2023-07-09,183643428.46006
2023-07-10,181325245.01975
2023-07-11,185093064.37247
2023-07-12,183860190.51176
2023-07-13,183770258.4091
2023-07-14,181866546.00133
2023-07-15,182977707.18226
2023-07-16,181141532.29843
2023-07-17,182421967.01874
2023-07-18,182681122.68651
2023-07-19,181569234.44984
2023-07-20,179115646.33474
2023-07-21,164097775.47261
2023-07-22,144206674.37328
2023-07-23,143985409.52738
2023-07-24,144343477.71054
2023-07-25,143954298.24718
2023-07-26,143799193.43998
2023-07-27,144055137.38511
2023-07-28,143565852.38509
2023-07-29,143418859.19026
2023-07-30,141872493.44099
2023-07-31,82471645.53187
2023-08-01,129166045.1832
2023-08-02,129603891.58539
2023-08-03,129313002.61783
2023-08-04,112567884.9536
2023-08-05,111097794.92736
2023-08-06,110995894.43099
2023-08-07,106626182.27821
2023-08-08,101319536.20661
2023-08-09,103278520.02041
2023-08-10,104043243.89429
2023-08-11,103711319.2504
2023-08-12,102562873.26559
2023-08-13,101610810.5302
2023-08-14,100530259.7839
2023-08-15,98437045.13643
2023-08-16,97370109.33101
2023-08-17,101155321.46422
2023-08-18,101607568.30742
2023-08-19,99922093.44928
2023-08-20,101060575.60693
2023-08-21,100786739.61935
2023-08-22,99798182.70628
2023-08-23,98956220.82922
2023-08-24,98675372.90072
2023-08-25,94487367.34517
2023-08-26,94620096.13339
2023-08-27,94963672.15518
2023-08-28,96010056.36269
2023-08-29,96495048.47539
2023-08-30,96999263.88168
2023-08-31,91749800.02229
2023-09-01,92325504.9355
2023-09-02,90359757.77962
2023-09-03,91036405.22824
2023-09-04,91534518.04593
2023-09-05,90935220.6145
2023-09-06,91468388.40735
2023-09-07,72074595.47004
2023-09-08,73616273.79358
2023-09-09,73285978.51724
2023-09-10,72888778.91462
2023-09-11,72054708.89951
2023-09-12,69685731.71479
2023-09-13,68052791.72002
2023-09-14,67937266.37412
2023-09-15,68006215.7573
2023-09-16,67435685.77418
2023-09-17,62021549.88176
2023-09-18,62887240.3487
2023-09-19,62050925.90602
2023-09-20,61109124.46144
2023-09-21,60961412.71467
2023-09-22,62883857.76558
2023-09-23,63794279.6754
2023-09-24,63189234.74221
2023-09-25,63628360.3433
2023-09-26,63642310.73518
2023-09-27,64607392.68478
2023-09-28,64367657.96674
2023-09-29,63497555.90408
2023-09-30,64442545.96863
2023-10-01,62508383.96789
2023-10-02,63151199.64685
2023-10-03,62660480.7651
2023-10-04,62010128.54658
2023-10-05,63616578.4014
2023-10-06,64342225.68118
2023-10-07,62950100.58117
2023-10-08,62901268.08345
2023-10-09,62891095.91759
2023-10-10,61163144.97244
2023-10-11,39002968.60316
2023-10-12,37738943.35973
2023-10-13,45618778.74646
2023-10-14,44177079.21821
2023-10-15,45348589.02908
2023-10-16,46718167.2183
2023-10-17,48719080.78954
2023-10-18,48929726.93355
2023-10-19,44288530.53987
2023-10-20,46129231.82373
2023-10-21,37274996.40552
2023-10-22,37431763.30109
2023-10-23,37721672.54055
2023-10-24,36918531.94359
2023-10-25,34387566.43518
2023-10-26,35853071.40469
2023-10-27,37237176.84512
2023-10-28,36548162.59899
2023-10-29,37525537.92882
2023-10-30,38241896.11751
2023-10-31,38186932.22015
2023-11-01,37890221.5309
2023-11-02,37865347.91227
2023-11-03,41323167.87484
2023-11-04,41617774.25436
2023-11-05,39403729.99322
2023-11-06,38161405.87586
2023-11-07,37239127.18901
2023-11-08,36212296.13488
2023-11-09,33868442.19524
2023-11-10,34156358.5936
2023-11-11,35322699.12494
2023-11-12,35512239.98437
2023-11-13,34061307.37193
2023-11-14,34282138.75246
2023-11-15,36517520.53608
2023-11-16,35101810.20296
2023-11-17,36143616.13134
2023-11-18,35701075.45708
2023-11-19,34238781.57563
2023-11-20,34020232.99228
2023-11-21,32999502.65425
2023-11-22,32860664.52404
2023-11-23,32830616.49591
2023-11-24,33312523.96327
2023-11-25,33370256.6437
2023-11-26,33244005.56794
2023-11-27,31811245.48599
2023-11-28,32462446.50496
2023-11-29,32330191.3233
2023-11-30,33073339.00784
2023-12-01,31922531.21977
2023-12-02,31634114.96642
2023-12-03,32726285.50741
2023-12-04,32572194.64141
2023-12-05,29068918.98848
2023-12-06,26378237.80377
2023-12-07,27006438.37922
2023-12-08,28072576.50919
2023-12-09,28116797.31648
2023-12-10,31573456.90954
2023-12-11,31756905.20616
2023-12-12,30970854.89666
2023-12-13,29957902.23063
2023-12-14,28817911.9782
2023-12-15,28143975.12987
2023-12-16,27446211.07834
2023-12-17,27174006.40544
2023-12-18,26567114.31798
2023-12-19,26759724.85165
2023-12-20,26775736.42734
2023-12-21,26524879.72388
2023-12-22,26795159.26337
2023-12-23,24711320.02474
2023-12-24,20869747.34
2023-12-25,21196781.62153
2023-12-26,21612854.22446
2023-12-27,20208992.97765
2023-12-28,20260515.4139
2023-12-29,20458414.81918
2023-12-30,19534791.34553
2023-12-31,17926139.2553
2024-01-01,15878859.93633
2024-01-02,16003920.45804
2024-01-03,15708300.98177
2024-01-04,15337623.60492
2024-01-05,16098803.69854
2024-01-06,15406347.36606
2024-01-07,15491883.04346
2024-01-08,14735157.41018
2024-01-09,14417887.50473
2024-01-10,14320344.39158
2024-01-11,14766233.33
2024-01-12,14698148.68574
2024-01-13,14313057.4465
2024-01-14,14540243.42764
2024-01-15,14431657.60162
2024-01-16,14211628.7702
2024-01-17,14686174.02135
2024-01-18,14444177.18566
2024-01-19,14122269.3571
2024-01-20,13871892.53796
2024-01-21,14225878.49522
2024-01-22,14680740.41578
2024-01-23,13513732.23086
2024-01-24,13733162.51049
2024-01-25,13186210.17498
2024-01-26,11075056.58314
2024-01-27,11342169.9586
2024-01-28,11334793.70858
2024-01-29,11550920.99177
2024-01-30,11233614.82389
2024-01-31,10791186.75807
2024-02-01,10453251.65732
2024-02-02,10769578.84486
2024-02-03,11110277.81351
2024-02-04,11171480.02551
2024-02-05,11265369.75425
2024-02-06,11127810.53286
2024-02-07,11397580.77486
2024-02-08,11864514.89245
2024-02-09,11521287.76049
2024-02-10,12091911.54641
2024-02-11,12041244.81679
2024-02-12,12256472.39372
2024-02-13,12395933.43726
2024-02-14,12286498.1142
2024-02-15,11849885.38812
2024-02-16,11781840.45262
2024-02-17,12036140.94899
2024-02-18,11860792.07257
2024-02-19,12025296.71959
2024-02-20,13465537.68755
2024-02-21,12950801.88232
2024-02-22,12371549.92783
2024-02-23,12539726.96417
2024-02-24,12842576.12463
2024-02-25,12847721.64456
2024-02-26,12940887.00626
2024-02-27,13531448.7204
2024-02-28,13244822.53295
2024-02-29,13325505.44851
2024-03-01,12999519.72805
2024-03-02,13511674.89026
2024-03-03,13430843.63479
2024-03-04,13705930.68871
2024-03-05,14586212.68551
2024-03-06,13834720.15641
2024-03-07,16007322.42504
2024-03-08,15686773.21899
2024-03-09,14423886.46418
2024-03-10,13843432.5962
2024-03-11,13777655.87925
2024-03-12,13849017.0435
2024-03-13,13598053.94191
2024-03-14,13452043.29906
2024-03-15,13094249.27278
2024-03-16,12643018.85838
2024-03-17,12500196.69102
2024-03-18,12530761.54767
2024-03-19,12536203.55363
2024-03-20,11764160.52999
2024-03-21,12632263.62363
2024-03-22,12568478.72241
2024-03-23,12448938.34613
2024-03-24,12725435.71082
2024-03-25,12867588.48054
2024-03-26,12868912.77195
2024-03-27,13340796.04539
2024-03-28,12846704.75452
2024-03-29,12825401.69978
2024-03-30,14146771.41532
2024-03-31,14312639.43695
2024-04-01,13860314.15547
2024-04-02,12259683.93396
2024-04-03,12006088.6698
2024-04-04,12020146.1532
2024-04-05,12595431.28952
2024-04-06,6744678.55363
2024-04-07,6816946.89494
2024-04-08,6862546.30703
2024-04-09,7313563.56776
2024-04-10,6844232.38087
2024-04-11,6766226.18276
2024-04-12,6672946.86546
2024-04-13,5595504.78335
2024-04-14,4909238.29269
2024-04-15,5478867.75843
2024-04-16,5357506.34751
2024-04-17,5534371.96813
2024-04-18,5376342.84162
2024-04-19,5481387.38135
2024-04-20,5592749.52944
2024-04-21,5799173.22826
2024-04-22,5798834.43942
2024-04-23,6115485.27179
2024-04-24,6070877.57166
2024-04-25,5802289.00649
2024-04-26,5857734.55412
2024-04-27,5816675.27661
2024-04-28,5770934.07648
2024-04-29,5774691.01169
2024-04-30,5769345.99458
2024-05-01,5458071.47747
2024-05-02,5427702.89377
2024-05-03,5543383.40633
2024-05-04,5780107.81306
2024-05-05,5780102.63464
2024-05-06,5800457.18297
2024-05-07,5762628.14552
2024-05-08,5632340.15294
2024-05-09,5427006.13137
2024-05-10,5841502.16515
2024-05-11,5624211.22757
2024-05-12,5629803.11658
2024-05-13,5616672.93395
2024-05-14,5331088.61279
2024-05-15,5186357.17995
2024-05-16,5448890.0213
2024-05-17,5328498.94301
2024-05-18,5510425.15544
2024-05-19,5542406.41404
2024-05-20,5429203.48281
2024-05-21,5806157.70364
2024-05-22,5967836.64928
2024-05-23,5871089.55024
2024-05-24,5867986.9465
2024-05-25,6218769.91744
2024-05-26,6319676.50264
2024-05-27,6189613.16811
2024-05-28,6262714.49872
2024-05-29,6255701.7349
2024-05-30,6077761.18064
2024-05-31,5938139.11994
2024-06-01,5804256.12639
2024-06-02,5906251.4027
2024-06-03,5769565.73741
2024-06-04,5851581.70762
2024-06-05,5961197.35645
2024-06-06,6112928.04783
2024-06-07,6009860.9099
2024-06-08,5683197.03635
2024-06-09,5599158.83145
2024-06-10,5745946.28245
2024-06-11,5478236.77597
2024-06-12,5222391.97628
2024-06-13,5401452.48086
2024-06-14,4846965.97079
2024-06-15,4796865.59681
2024-06-16,5022762.63843
2024-06-17,5187582.87826
2024-06-18,5103472.34183
2024-06-19,5164996.91102
2024-06-20,5227395.26664
2024-06-21,5026396.99758
2024-06-22,5102738.59895
2024-06-23,5214278.32994
2024-06-24,5129392.60252
2024-06-25,4964081.45013
2024-06-26,5004605.83414
2024-06-27,4841374.0902
2024-06-28,4820637.90683
2024-06-29,4658571.86683
2024-06-30,4681205.05142
2024-07-01,4773569.8794
2024-07-02,4785307.85457
2024-07-03,4773809.89782
2024-07-04,4624303.22101
2024-07-05,4379187.65185
2024-07-06,4209936.81375
2024-07-07,4481196.23583
2024-07-08,4369381.01046
2024-07-09,4617884.88878
2024-07-10,4624627.38489
2024-07-11,4721729.47218
2024-07-12,4540245.0416
2024-07-13,4595718.67768
2024-07-14,4705017.90496
2024-07-15,4805639.65135
2024-07-16,5053603.0701
2024-07-17,4945440.06506
2024-07-18,4776208.19849
2024-07-19,4672444.8682
2024-07-20,4957538.72899
2024-07-21,4942283.92917
2024-07-22,4925766.28619
2024-07-23,4781506.52121
2024-07-24,4756686.10746
2024-07-25,4692500.00854
2024-07-26,4614527.03215
2024-07-27,5031900.02692
2024-07-28,5083469.10397
2024-07-29,5023135.26745
2024-07-30,4980784.53605
2024-07-31,4918840.72289
2024-08-01,4889573.89368
2024-08-02,5027356.31692
2024-08-03,4868461.13428
2024-08-04,4540413.80135
2024-08-05,4460135.93065
2024-08-06,3951884.56963
2024-08-07,4143660.54631
2024-08-08,4133432.74512
2024-08-09,4493300.38588
2024-08-10,4500419.21005
2024-08-11,4558728.79745
2024-08-12,4387846.58292
2024-08-13,4806715.62409
2024-08-14,4929546.16752
2024-08-15,4895888.27145
2024-08-16,4758307.63789
2024-08-17,5042974.96694
2024-08-18,4890360.06822
2024-08-19,4874595.59251
2024-08-20,4753869.64698
2024-08-21,4993789.41318
2024-08-22,4975170.89732
2024-08-23,4887688.399
2024-08-24,5146678.65753
2024-08-25,5207008.77476
2024-08-26,5112392.23452
2024-08-27,4881836.5094
2024-08-28,4607873.88134
2024-08-29,4572085.29093
2024-08-30,4499438.51509
2024-08-31,4487128.33067
2024-09-01,4425184.23856
2024-09-02,4281554.34307
2024-09-03,4453354.5087
2024-09-04,4289780.87155
2024-09-05,4465433.70575
2024-09-06,4304386.83488
2024-09-07,4050648.8395
2024-09-08,4071044.65931
2024-09-09,4150707.0324
2024-09-10,4400314.59182
2024-09-11,4404127.36509
2024-09-12,4358487.35808
2024-09-13,4397155.16899
2024-09-14,4499248.01396
2024-09-15,4457765.57611
2024-09-16,4363892.38052
2024-09-17,4454054.45501
2024-09-18,4431219.98186
2024-09-19,4475803.38965
2024-09-20,4607686.10007
2024-09-21,4754689.46955
2024-09-22,4728795.91293
2024-09-23,4722896.40121
2024-09-24,4767062.64896
2024-09-25,4872568.77054
2024-09-26,4837610.62182
2024-09-27,4792532.5796
2024-09-28,4999080.60707
2024-09-29,4908039.1786
2024-09-30,4872841.48177
2024-10-01,4715311.80017
2024-10-02,4395339.84197
2024-10-03,4315571.05472
2024-10-04,4306239.08681
2024-10-05,4387673.88033
2024-10-06,4317475.62691
2024-10-07,4424050.78672
2024-10-08,4443836.6415
2024-10-09,4364089.0146
2024-10-10,4298750.07043
2024-10-11,4328440.04322
2024-10-12,4470310.19513
2024-10-13,4463591.78393
2024-10-14,4415493.3308
2024-10-15,4628801.24802
2024-10-16,4592232.01159
2024-10-17,4618321.9135
2024-10-18,4599676.83716
2024-10-19,4696034.18266
2024-10-20,4708865.45898
2024-10-21,4801861.44571
2024-10-22,4681760.86939
2024-10-23,4631970.47668
2024-10-24,4457035.05328
2024-10-25,4510513.72722
2024-10-26,4394223.91827
2024-10-27,4364125.87096
2024-10-28,4419978.88475
2024-10-29,4482045.92205
2024-10-30,4694852.5447
2024-10-31,4713150.82962
2024-11-01,4549127.9345
2024-11-02,4507662.69264
2024-11-03,4404827.7583
2024-11-04,4317134.89942
2024-11-05,4257759.04093
2024-11-06,4387990.63017
2024-11-07,4752771.16036
2024-11-08,4875572.48432
2024-11-09,4897587.44785
2024-11-10,4936041.49956
2024-11-11,5191626.28876
2024-11-12,5478407.63681
2024-11-13,5417629.29542
2024-11-14,5748102.48221
2024-11-15,5440632.76421
2024-11-16,5508146.11908
2024-11-17,5631668.83115
2024-11-18,5647602.20235
2024-11-19,5920380.36538
2024-11-20,6339581.41613
2024-11-21,5318935.5552
2024-11-22,5556003.09321
2024-11-23,5935044.40782
2024-11-24,6016988.3636
2024-11-25,6161669.44498
2024-11-26,6304216.90271
2024-11-27,7207090.41371
2024-11-28,7479970.12124
2024-11-29,7341724.17587
2024-11-30,7612752.67057
2024-12-01,8344470.55278
2024-12-02,8188285.76739
2024-12-03,8250909.29205
2024-12-04,9165901.63646
2024-12-05,10223737.05284
2024-12-06,9430257.30748
2024-12-07,9766160.75764
2024-12-08,9235911.11426
2024-12-09,9857297.43849
2024-12-10,8602937.31969
2024-12-11,8955047.85592
2024-12-12,8974917.72898
2024-12-13,9010637.45096
2024-12-14,8897781.08103
2024-12-15,8860989.42291
2024-12-16,5903004.52501
2024-12-17,5383942.53024
2024-12-18,5519798.30435
2024-12-19,4994757.34791
2024-12-20,4209660.14469
2024-12-21,4065569.64059
2024-12-22,4061417.05068
2024-12-23,4142146.36301
2024-12-24,4724046.67708
2024-12-25,5260863.37264
2024-12-26,5300328.16859
2024-12-27,4859556.0708
2024-12-28,5762937.95061
2024-12-29,6468849.00231
2024-12-30,5866887.85794
2024-12-31,5824637.95237
2025-01-01,5477733.92403
2025-01-02,5903672.93681
2025-01-03,6221029.04314
2025-01-04,6457431.8573
2025-01-05,6248044.31142
2025-01-06,6160954.86847
2025-01-07,5955852.1815
2025-01-08,5485019.42368
2025-01-09,5445622.22844
2025-01-10,4912121.99453
2025-01-11,4996158.84157
2025-01-12,5026531.33298
2025-01-13,5018685.71822
2025-01-14,4693611.02381
2025-01-15,5135425.7988
2025-01-16,6521576.23836
2025-01-17,6567253.52827
2025-01-18,7219926.18824
2025-01-19,6275967.14742
2025-01-20,5507545.79562
2025-01-21,5597793.15604
2025-01-22,5644858.31342
2025-01-23,5433107.26402
2025-01-24,5143571.05494
2025-01-25,5278932.00093
2025-01-26,5215818.87398
2025-01-27,5119778.82589
2025-01-28,4694913.67923
2025-01-29,4352065.63014
2025-01-30,4616819.81727
2025-01-31,4982748.67236
2025-02-01,5008558.82276
2025-02-02,4412740.83995
2025-02-03,3365136.76172
2025-02-04,3734544.49646
2025-02-05,3949524.9033
2025-02-06,4062660.14674
2025-02-07,3528335.47065
2025-02-08,6281724.11063
2025-02-09,3589617.89483
2025-02-10,3676470.68856
2025-02-11,3804067.34162
2025-02-12,3856292.83286
2025-02-13,4633215.93855
2025-02-14,4527889.06754
2025-02-15,4593947.40174
2025-02-16,4458266.61846
2025-02-17,4555561.60746
2025-02-18,4512924.8574
2025-02-19,4285363.88805
2025-02-20,4287865.21592
2025-02-21,4448971.65217
2025-02-22,4489109.24768
2025-02-23,4500319.5093
2025-02-24,4584830.88808
2025-02-25,4271691.15484
2025-02-26,4296604.14218
2025-02-27,4401960.57481
2025-02-28,4381414.98591
2025-03-01,4152419.22454
2025-03-02,4097699.31448
2025-03-03,4559240.7801
2025-03-04,3874725.27914
2025-03-05,3932985.1887
2025-03-06,4067142.3573
2025-03-07,3945804.12419
2025-03-08,4238433.28389
2025-03-09,4293132.84474
2025-03-10,3711672.31891
2025-03-11,3993447.67035
2025-03-12,3257128.43452
2025-03-13,3223428.74108
2025-03-14,3271830.39251
2025-03-15,3378537.66105
2025-03-16,3406347.80043
2025-03-17,3305373.9606
2025-03-18,3466557.53282
2025-03-19,3561812.11121
2025-03-20,3791644.47804
2025-03-21,3568453.78702
2025-03-22,3541817.94849
2025-03-23,3863379.2324
2025-03-24,3798128.45019
2025-03-25,3857291.95503
2025-03-26,3778237.35298
2025-03-27,6645778.29892
2025-03-28,4421195.14625
2025-03-29,3760254.8351
2025-03-30,3540574.59624
2025-03-31,3539161.52992
2025-04-01,3658554.92597
2025-04-02,3798524.51641
2025-04-03,3294983.92887
2025-04-04,3448798.44313
2025-04-05,3375528.82953
2025-04-06,3282149.85221
2025-04-07,2803952.72407
2025-04-08,2978997.05371
2025-04-09,2851592.99521
2025-04-10,3349211.22215
2025-04-11,3270582.77462
2025-04-12,3647346.67568
2025-04-13,3817106.591
2025-04-14,3554778.17328
2025-04-15,3520507.86886
2025-04-16,3614614.34626
2025-04-17,3823553.4819
2025-04-18,3639909.17945
2025-04-19,3698302.29369
2025-04-20,3712077.39487
2025-04-21,3860971.16938
2025-04-22,3855220.41928
2025-04-23,4384646.53366
2025-04-24,4242847.2045
2025-04-25,4668485.56143
2025-04-26,4729720.53359
2025-04-27,4710597.97144
2025-04-28,4601275.01028
2025-04-29,4512493.6379
2025-04-30,4556924.7981
2025-05-01,4917679.51145
2025-05-02,4854709.83803
2025-05-03,5034241.76663
2025-05-04,4905436.41603
2025-05-05,4726884.1969
2025-05-06,4730392.77577
2025-05-07,4726050.34323
2025-05-08,4599530.32016
2025-05-09,5229421.10524
2025-05-10,11246944.09231
2025-05-11,9608607.26171
2025-05-12,9372116.53639
2025-05-13,9221438.87618
2025-05-14,6333768.66312
2025-05-15,4912122.724
2025-05-16,4665749.48388
2025-05-17,4641387.80269
2025-05-18,4567562.86406
2025-05-19,4735479.20441
2025-05-20,5679273.49972
2025-05-21,5893501.80735
2025-05-22,5116167.47514
2025-05-23,5322019.74244
2025-05-24,5038111.12363
2025-05-25,4876646.30648
2025-05-26,4746412.55685
2025-05-27,4765192.39253
2025-05-28,4868680.73141
2025-05-29,4781301.33917
2025-05-30,4603494.26822
2025-05-31,4216143.1867
2025-06-01,4223121.29269
2025-06-02,4180803.28237
2025-06-03,4236881.31271
2025-06-04,4214037.64914
2025-06-05,4250624.14167
2025-06-06,4025947.8406
2025-06-07,4066067.22059
2025-06-08,4272039.68702
2025-06-09,4208176.98952
2025-06-10,4465886.37581
2025-06-11,4807419.83138
2025-06-12,4749965.31639
2025-06-13,4410430.1035
2025-06-14,4382969.55503
2025-06-15,4277255.08792
2025-06-16,4301925.94591
2025-06-17,4303286.23616
2025-06-18,4194803.79641
2025-06-19,3633927.13614
2025-06-20,3838093.37483
2025-06-21,3725859.40586
2025-06-22,3528481.24873
2025-06-23,3441903.64791
2025-06-24,3744214.24022
2025-06-25,3766817.4411
2025-06-26,3532919.21127
2025-06-27,3194671.6894
2025-06-28,3171200.33622
2025-06-29,3276386.55456
2025-06-30,3254897.05406
2025-07-01,3217301.32446
2025-07-02,3072495.8985
2025-07-03,3357375.6155
2025-07-04,3388677.58982
2025-07-05,3203799.90684
2025-07-06,3192258.01411
2025-07-07,3177584.00015
2025-07-08,3214252.35501
2025-07-09,3323215.64961
2025-07-10,3932067.86416
2025-07-11,4254334.7213
2025-07-12,3737836.67721
2025-07-13,3655025.09155
2025-07-14,3625569.62145
2025-07-15,3747508.47992
2025-07-16,4190191.64842
2025-07-17,4874557.00264
2025-07-18,5008313.18851
2025-07-19,2819347.59013
2025-07-20,2878414.76634
2025-07-21,2958859.39741
2025-07-22,3088352.4118
2025-07-23,3457290.73475
2025-07-24,3515186.9184
2025-07-25,3731947.59211
2025-07-26,3844277.10619
2025-07-27,3881242.22162
2025-07-28,3831658.0992
2025-07-29,3728355.87991
2025-07-30,3580314.76478
2025-07-31,3829429.94822
2025-08-01,2677658.6854
2025-08-02,2563038.32602
2025-08-03,2583852.98856
2025-08-04,2749973.37914
2025-08-05,2680946.80117
2025-08-06,2627301.10591
